City_ID,City,Country,Date,Lat,Lng,Max Temp,Humidity,Cloudiness,Wind Speed
0,Corpus Christi,US,2021-03-20 20:26:16,27.8006,-97.3964,69.01,49,20,4.61
1,Punta Arenas,CL,2021-03-20 20:21:21,-53.15,-70.9167,51.8,58,75,34.52
2,Mujiayingzi,CN,2021-03-20 20:26:17,42.1167,118.7833,25.72,42,64,19.35
3,Parker,US,2021-03-20 20:26:17,32.7668,-97.8003,69.01,43,0,4.0
4,Tautira,PF,2021-03-20 20:26:17,-17.7333,-149.15,87.8,66,75,13.8
5,Jamestown,US,2021-03-20 20:23:12,42.097,-79.2353,51.8,20,1,2.68
6,East London,ZA,2021-03-20 20:26:18,-33.0153,27.9116,71.44,86,75,14.03
7,Provideniya,RU,2021-03-20 20:26:18,64.3833,-173.3,2.86,78,100,15.14
8,Zyryanka,RU,2021-03-20 20:26:19,65.75,150.85,-13.16,82,0,7.27
9,Rikitea,PF,2021-03-20 20:26:19,-23.1203,-134.9692,79.66,75,10,8.03
10,Hermanus,ZA,2021-03-20 20:26:19,-34.4187,19.2345,55.99,91,3,7.36
11,The Pas,CA,2021-03-20 20:26:20,53.8251,-101.2541,48.2,53,40,4.61
12,Constitucion,CL,2021-03-20 20:26:20,-35.3333,-72.4167,64.92,62,100,8.03
13,Hervey Bay,AU,2021-03-20 20:26:20,-25.2986,152.8535,73.0,93,72,1.01
14,Mataura,NZ,2021-03-20 20:26:20,-46.1927,168.8643,54.0,96,95,1.01
15,Antofagasta,CL,2021-03-20 20:26:21,-23.65,-70.4,73.99,72,20,17.27
16,Saint-Joseph,RE,2021-03-20 20:26:21,-21.3667,55.6167,78.8,83,20,11.5
17,Busselton,AU,2021-03-20 20:26:21,-33.65,115.3333,68.95,45,0,4.72
18,Tucuman,AR,2021-03-20 20:24:23,-26.8241,-65.2226,68.0,94,90,11.5
19,Harper,LR,2021-03-20 20:26:22,4.375,-7.7169,79.79,80,100,7.96
20,Rawson,AR,2021-03-20 20:26:22,-43.3002,-65.1023,63.66,53,0,17.74
21,Faanui,PF,2021-03-20 20:26:22,-16.4833,-151.75,82.9,63,2,5.79
22,Thompson,CA,2021-03-20 20:24:13,55.7435,-97.8558,51.8,32,20,8.05
23,Bredasdorp,ZA,2021-03-20 20:26:23,-34.5322,20.0403,55.4,88,69,2.3
24,Marsh Harbour,BS,2021-03-20 20:26:23,26.5412,-77.0636,73.51,78,40,9.26
25,Liptovsky Hradok,SK,2021-03-20 20:26:23,49.0396,19.7234,27.0,74,75,3.44
26,Nanortalik,GL,2021-03-20 20:26:23,60.1432,-45.2371,34.2,98,100,6.85
27,Aklavik,CA,2021-03-20 20:26:24,68.2191,-135.0107,-4.0,59,20,4.61
28,Plettenberg Bay,ZA,2021-03-20 20:26:24,-34.0527,23.3716,63.82,88,93,9.44
29,Paamiut,GL,2021-03-20 20:26:25,61.994,-49.6678,30.6,97,100,9.86
30,Saryozek,KZ,2021-03-20 20:26:25,44.3583,77.9753,36.0,43,68,2.53
31,Urumita,CO,2021-03-20 20:26:25,10.5589,-73.0123,91.42,36,100,11.18
32,Beisfjord,NO,2021-03-20 20:26:26,68.3751,17.5988,32.0,93,90,13.8
33,Hobart,AU,2021-03-20 20:21:57,-42.8794,147.3294,59.0,67,75,6.91
34,Redmond,US,2021-03-20 20:26:26,47.674,-122.1215,48.99,84,100,3.2
35,Kodiak,US,2021-03-20 20:23:57,57.79,-152.4072,35.6,93,90,15.75
36,Qaanaaq,GL,2021-03-20 20:26:26,77.484,-69.3632,-6.92,99,100,5.61
37,Saint Anthony,US,2021-03-20 20:26:27,45.0205,-93.218,57.99,28,1,21.85
38,Sao Filipe,CV,2021-03-20 20:26:27,14.8961,-24.4956,72.28,69,74,3.29
39,Saint George,US,2021-03-20 20:26:28,37.1041,-113.5841,70.0,26,20,33.38
40,Tuktoyaktuk,CA,2021-03-20 20:24:25,69.4541,-133.0374,-16.6,76,75,8.05
41,Atuona,PF,2021-03-20 20:26:28,-9.8,-139.0333,80.01,78,23,13.13
42,Barrow,US,2021-03-20 20:26:29,71.2906,-156.7887,-9.4,77,1,8.05
43,Cape Town,ZA,2021-03-20 20:26:29,-33.9258,18.4232,66.0,68,20,18.41
44,Lewisburg,US,2021-03-20 20:21:51,35.4492,-86.7889,63.0,34,1,5.75
45,Ribeira Grande,PT,2021-03-20 20:26:29,38.5167,-28.7,60.8,77,20,13.8
46,Rosetown,CA,2021-03-20 20:26:29,51.5501,-108.0014,55.4,30,87,4.61
47,Henties Bay,NA,2021-03-20 20:26:30,-22.116,14.2845,62.01,89,0,3.0
48,Barao De Cocais,BR,2021-03-20 20:26:30,-19.9458,-43.4872,82.4,44,40,11.5
49,Portland,US,2021-03-20 20:26:15,45.5234,-122.6762,52.0,66,75,11.5
50,Ponta Do Sol,PT,2021-03-20 20:26:31,32.6667,-17.1,59.0,59,30,10.0
51,Tiksi,RU,2021-03-20 20:26:31,71.6872,128.8694,-18.02,99,100,10.31
52,Nikolskoye,RU,2021-03-20 20:26:31,59.7035,30.7861,27.0,86,90,8.95
53,Albany,US,2021-03-20 20:23:09,42.6001,-73.9662,57.0,18,0,5.01
54,Hasaki,JP,2021-03-20 20:26:32,35.7333,140.8333,59.0,88,75,6.91
55,Victoria,HK,2021-03-20 20:24:15,22.2855,114.1577,75.99,82,36,2.75
56,Mogadishu,SO,2021-03-20 20:26:32,2.0371,45.3438,80.78,83,34,15.79
57,Carnarvon,AU,2021-03-20 20:26:33,-24.8667,113.6333,75.2,78,0,9.22
58,Tateyama,JP,2021-03-20 20:26:33,34.9833,139.8667,64.0,84,100,3.0
59,Tarut,SA,2021-03-20 20:26:33,26.5733,50.0369,64.4,42,0,6.91
60,Cidreira,BR,2021-03-20 20:26:33,-30.1811,-50.2056,78.26,83,1,20.92
61,Tomatlan,MX,2021-03-20 20:26:34,19.9333,-105.25,92.89,25,0,8.88
62,Scarborough,GB,2021-03-20 20:25:12,54.2797,-0.4044,48.99,79,94,3.0
63,Nagaur,IN,2021-03-20 20:26:34,27.2,73.7333,76.95,18,0,5.3
64,Lebu,CL,2021-03-20 20:26:34,-37.6167,-73.65,62.37,69,7,5.79
65,Holme,DK,2021-03-20 20:26:35,56.1138,10.1725,42.8,87,75,23.02
66,Hobyo,SO,2021-03-20 20:26:35,5.3505,48.5268,79.52,80,7,14.61
67,Yarmouth,US,2021-03-20 20:26:35,41.7057,-70.2286,46.99,42,1,12.66
68,Vaini,TO,2021-03-20 20:26:35,-21.2,-175.2,80.6,89,40,6.91
69,Alakurtti,RU,2021-03-20 20:26:36,66.9672,30.3491,28.0,93,100,1.01
70,Trairi,BR,2021-03-20 20:26:36,-3.2778,-39.2689,81.41,71,0,10.33
71,Souillac,MU,2021-03-20 20:26:36,-20.5167,57.5167,78.8,89,75,13.8
72,Valdivia,CL,2021-03-20 20:26:37,-39.8142,-73.2459,69.8,52,20,5.75
73,Kapaa,US,2021-03-20 20:26:37,22.0752,-159.319,73.99,73,75,21.85
74,Geraldton,AU,2021-03-20 20:26:37,-28.7667,114.6,68.0,49,0,10.36
75,Ushuaia,AR,2021-03-20 20:26:37,-54.8,-68.3,50.0,66,40,34.52
76,Fairbanks,US,2021-03-20 20:26:38,64.8378,-147.7164,12.99,51,1,4.61
77,Abha,SA,2021-03-20 20:26:38,18.2164,42.5053,64.4,59,0,4.61
78,Crossville,US,2021-03-20 20:22:34,35.949,-85.0269,64.0,20,1,3.44
79,Waingapu,ID,2021-03-20 20:26:39,-9.6567,120.2641,77.92,85,98,8.75
80,Launceston,AU,2021-03-20 20:26:39,-41.45,147.1667,52.0,87,38,12.66
81,Praia,CV,2021-03-20 20:26:39,14.9215,-23.5087,69.8,73,40,16.11
82,Sibu,MY,2021-03-20 20:26:39,2.3,111.8167,75.2,94,40,2.3
83,Saskylakh,RU,2021-03-20 20:26:40,71.9167,114.0833,-33.41,99,100,9.8
84,Bardiyah,LY,2021-03-20 20:26:40,31.7561,25.0865,62.4,82,68,9.69
85,Ukiah,US,2021-03-20 20:26:40,39.1502,-123.2078,55.99,47,75,10.36
86,La Ronge,CA,2021-03-20 20:26:41,55.1001,-105.2842,51.8,25,34,6.91
87,Kruisfontein,ZA,2021-03-20 20:26:41,-34.0033,24.7314,64.99,88,11,1.99
88,Spresiano,IT,2021-03-20 20:26:41,45.7791,12.2563,41.0,56,75,12.66
89,Clyde River,CA,2021-03-20 20:26:41,70.4692,-68.5914,-13.0,77,1,1.59
90,Bathsheba,BB,2021-03-20 20:26:42,13.2167,-59.5167,82.4,54,20,19.57
91,Hithadhoo,MV,2021-03-20 20:26:42,-0.6,73.0833,83.26,69,100,8.39
92,Havoysund,NO,2021-03-20 20:26:42,70.9963,24.6622,32.0,80,90,11.5
93,Port Alfred,ZA,2021-03-20 20:26:43,-33.5906,26.891,68.54,90,50,11.56
94,Mugumu,TZ,2021-03-20 20:26:43,-1.85,34.7,65.52,63,53,5.26
95,Keskin,TR,2021-03-20 20:26:43,39.6731,33.6136,37.99,92,100,1.99
96,Vila Do Maio,CV,2021-03-20 20:26:44,15.1333,-23.2167,69.8,73,40,16.11
97,Cabo San Lucas,MX,2021-03-20 20:26:44,22.8909,-109.9124,86.0,23,40,5.75
98,Gat,IL,2021-03-20 20:26:44,31.61,34.7642,64.0,66,0,4.21
99,Mount Gambier,AU,2021-03-20 20:26:45,-37.8333,140.7667,57.2,94,41,5.75
100,Ancud,CL,2021-03-20 20:26:45,-41.8697,-73.8203,64.99,59,75,5.75
101,Hilo,US,2021-03-20 20:22:43,19.7297,-155.09,69.8,83,90,6.91
102,Solnechnyy,RU,2021-03-20 20:26:45,50.7214,136.6319,21.11,84,100,1.25
103,Yurga,RU,2021-03-20 20:26:46,55.7231,84.8861,28.99,78,100,15.23
104,Umm Kaddadah,SD,2021-03-20 20:26:46,13.6017,26.6876,83.77,12,4,16.15
105,Sri Aman,MY,2021-03-20 20:26:46,1.2376,111.4621,75.2,100,100,1.01
106,Chokurdakh,RU,2021-03-20 20:24:14,70.6333,147.9167,-20.04,100,0,2.62
107,Guerrero Negro,MX,2021-03-20 20:26:47,27.9769,-114.0611,73.17,47,32,17.02
108,Bengkulu,ID,2021-03-20 20:26:47,-3.8004,102.2655,76.37,84,89,4.07
109,Esperance,AU,2021-03-20 20:26:47,-33.8667,121.9,57.2,94,51,9.22
110,Banda Aceh,ID,2021-03-20 20:26:48,5.5577,95.3222,79.75,78,100,3.02
111,Takoradi,GH,2021-03-20 20:26:48,4.8845,-1.7554,81.03,79,22,6.91
112,Fort Nelson,CA,2021-03-20 20:25:00,58.8053,-122.7002,14.0,52,75,3.44
113,Haines Junction,CA,2021-03-20 20:26:49,60.7522,-137.5108,3.2,47,100,3.44
114,Shihezi,CN,2021-03-20 20:26:28,44.3,86.0333,17.46,86,0,3.83
115,Yar-Sale,RU,2021-03-20 20:26:49,66.8333,70.8333,-12.77,87,100,11.65
116,Meulaboh,ID,2021-03-20 20:26:49,4.1363,96.1285,76.62,89,71,4.83
117,Saint-Philippe,RE,2021-03-20 20:26:49,-21.3585,55.7679,78.8,83,20,11.5
118,Ozinki,RU,2021-03-20 20:26:50,51.1786,49.6769,23.94,93,100,6.44
119,Luena,AO,2021-03-20 20:26:50,-11.7833,19.9167,62.91,82,10,1.81
120,Hammerfest,NO,2021-03-20 20:26:50,70.6634,23.6821,32.0,80,90,11.5
121,Upernavik,GL,2021-03-20 20:26:51,72.7868,-56.1549,1.72,96,100,12.12
122,Mahebourg,MU,2021-03-20 20:26:51,-20.4081,57.7,78.8,89,75,13.8
123,Hegang,CN,2021-03-20 20:26:51,47.4,130.3667,28.47,97,100,8.57
124,Airai,TL,2021-03-20 20:26:52,-8.9266,125.4092,60.39,84,24,2.44
125,Golkoy,TR,2021-03-20 20:26:52,40.6875,37.6178,46.4,100,75,2.3
126,Cherskiy,RU,2021-03-20 20:26:52,68.75,161.3,-21.98,85,0,4.79
127,Kem,RU,2021-03-20 20:26:53,64.9555,34.5793,28.74,96,100,9.33
128,Jambi,ID,2021-03-20 20:26:53,-1.6,103.6167,74.01,96,100,0.72
129,Presidente Epitacio,BR,2021-03-20 20:26:53,-21.7633,-52.1156,86.86,60,75,6.87
130,Grindavik,IS,2021-03-20 20:26:54,63.8424,-22.4338,41.0,87,90,25.32
131,Tabou,CI,2021-03-20 20:26:54,4.423,-7.3528,79.09,84,100,7.47
132,Butaritari,KI,2021-03-20 20:26:54,3.0707,172.7902,81.91,79,12,18.57
133,Kindu,CD,2021-03-20 20:26:55,-2.95,25.95,72.97,91,100,2.44
134,Bandarbeyla,SO,2021-03-20 20:26:55,9.4942,50.8122,77.4,78,0,10.85
135,Tasiilaq,GL,2021-03-20 20:26:55,65.6145,-37.6368,23.0,93,90,40.29
136,Riyadh,SA,2021-03-20 20:22:03,24.6877,46.7219,73.4,25,0,5.75
137,Korla,CN,2021-03-20 20:26:56,41.7597,86.1469,39.16,49,0,0.81
138,Seybaplaya,MX,2021-03-20 20:26:56,19.65,-90.6667,78.8,53,40,16.11
139,Castro,BR,2021-03-20 20:26:57,-24.7911,-50.0119,75.04,85,88,5.5
140,Lovozero,RU,2021-03-20 20:26:57,68.005,35.0117,18.61,76,99,3.09
141,Hay River,CA,2021-03-20 20:26:57,60.8156,-115.7999,10.4,72,100,17.27
142,Norman Wells,CA,2021-03-20 20:26:58,65.282,-126.8329,-4.0,65,20,11.5
143,Dingle,PH,2021-03-20 20:26:58,10.9995,122.6711,77.07,87,0,7.61
144,Wenatchee,US,2021-03-20 20:26:58,47.4235,-120.3103,54.0,40,1,3.44
145,Port-Cartier,CA,2021-03-20 20:26:59,50.0334,-66.8654,32.0,59,20,6.91
146,Luderitz,NA,2021-03-20 20:26:59,-26.6481,15.1594,67.17,68,0,26.84
147,Oussouye,SN,2021-03-20 20:26:59,12.485,-16.5469,77.0,78,0,9.22
148,Belaya Gora,RU,2021-03-20 20:26:59,68.5333,146.4167,-17.0,90,0,2.71
149,Dikson,RU,2021-03-20 20:27:00,73.5069,80.5464,-23.87,85,9,19.75
150,Bone,DE,2021-03-20 20:27:00,51.9669,12.1396,37.0,65,100,5.01
151,Vostok,RU,2021-03-20 20:27:00,46.4856,135.8833,18.57,93,97,4.92
152,Nizwa,OM,2021-03-20 20:27:01,22.9333,57.5333,74.91,24,0,3.94
153,Buluang,PH,2021-03-20 20:27:01,13.3068,123.3425,75.24,94,86,3.53
154,Puerto Ayora,EC,2021-03-20 20:27:01,-0.7393,-90.3518,86.0,70,20,11.5
155,Panaba,MX,2021-03-20 20:27:02,21.2833,-88.2667,81.16,44,0,13.78
156,Sakakah,SA,2021-03-20 20:27:02,29.9697,40.2064,68.0,22,0,5.75
157,Alta Gracia,AR,2021-03-20 20:27:02,-31.6529,-64.4283,75.0,60,76,14.0
158,Bethel,US,2021-03-20 20:27:03,41.3712,-73.414,57.2,19,1,6.91
159,Deniliquin,AU,2021-03-20 20:27:03,-35.5333,144.9667,62.01,92,100,3.0
160,Te Anau,NZ,2021-03-20 20:27:03,-45.4167,167.7167,49.87,90,86,1.01
161,Biak,ID,2021-03-20 20:27:04,-0.9131,122.8766,77.2,76,100,2.3
162,Chuy,UY,2021-03-20 20:27:04,-33.6971,-53.4616,81.32,65,46,13.02
163,Suntar,RU,2021-03-20 20:27:04,62.1444,117.6319,-10.95,89,78,8.63
164,Nioro,GM,2021-03-20 20:27:05,13.35,-15.75,80.71,32,57,11.65
165,Iwanai,JP,2021-03-20 20:27:05,42.9744,140.5089,30.81,90,100,8.14
166,Talnakh,RU,2021-03-20 20:27:05,69.4865,88.3972,-23.01,68,0,8.75
167,Rio Gallegos,AR,2021-03-20 20:26:59,-51.6226,-69.2181,57.2,30,0,36.82
168,Viedma,AR,2021-03-20 20:27:06,-40.8135,-62.9967,72.12,28,2,17.02
169,Evensk,RU,2021-03-20 20:27:06,61.95,159.2333,-12.01,57,0,1.41
170,Komsomolskiy,UZ,2021-03-20 20:27:07,40.4272,71.7189,51.8,82,90,2.3
171,Lompoc,US,2021-03-20 20:27:07,34.6391,-120.4579,60.8,51,1,13.8
172,Matara,LK,2021-03-20 20:27:07,5.9485,80.5353,77.31,84,91,2.66
173,Warrington,GB,2021-03-20 20:27:07,53.3925,-2.5802,48.2,93,90,12.66
174,Husavik,IS,2021-03-20 20:27:08,66.0449,-17.3389,39.2,70,90,21.85
175,Ahualulco,MX,2021-03-20 20:27:08,22.4,-101.1667,68.0,34,20,8.05
176,Popondetta,PG,2021-03-20 20:27:09,-8.7537,148.2534,73.83,92,82,3.02
177,Coquimbo,CL,2021-03-20 20:22:17,-29.9533,-71.3436,68.0,56,0,16.11
178,Mandalgovi,MN,2021-03-20 20:27:09,45.7625,106.2708,17.82,43,46,11.07
179,Varhaug,NO,2021-03-20 20:27:09,58.6147,5.6457,43.0,98,100,4.0
180,Padang,ID,2021-03-20 20:24:07,-0.9492,100.3543,75.2,94,90,3.44
181,Batemans Bay,AU,2021-03-20 20:27:09,-35.7167,150.1833,70.0,86,100,1.99
182,Raglan,NZ,2021-03-20 20:27:10,-37.8,174.8833,54.75,68,0,4.27
183,Longyearbyen,SJ,2021-03-20 20:27:10,78.2186,15.6401,14.0,67,40,11.5
184,Aden,YE,2021-03-20 20:27:11,12.7794,45.0367,78.4,65,0,8.5
185,Kudahuvadhoo,MV,2021-03-20 20:27:11,2.6708,72.8944,82.38,69,100,4.38
186,Teya,RU,2021-03-20 20:27:11,60.3778,92.6267,19.36,95,100,4.16
187,Nhulunbuy,AU,2021-03-20 20:27:11,-12.2333,136.7667,80.6,83,75,4.61
188,Pevek,RU,2021-03-20 20:27:12,69.7008,170.3133,-25.58,99,40,2.01
189,Salalah,OM,2021-03-20 20:27:12,17.0151,54.0924,78.8,73,0,3.44
190,Quelimane,MZ,2021-03-20 20:27:12,-17.8786,36.8883,80.6,83,20,2.3
191,Laguna,US,2021-03-20 20:27:12,38.421,-121.4238,61.0,51,40,9.22
192,Idlib,SY,2021-03-20 20:27:13,35.9306,36.6339,51.8,76,0,3.44
193,Fortuna,US,2021-03-20 20:27:13,40.5982,-124.1573,54.0,87,75,6.76
194,Severo-Kurilsk,RU,2021-03-20 20:27:13,50.6789,156.125,23.23,84,86,21.09
195,Bluff,NZ,2021-03-20 20:27:14,-46.6,168.3333,54.0,96,81,1.01
196,Mar Del Plata,AR,2021-03-20 20:26:05,-38.0023,-57.5575,68.0,77,75,6.91
197,Yellowknife,CA,2021-03-20 20:27:14,62.456,-114.3525,10.4,67,75,18.41
198,Axim,GH,2021-03-20 20:27:14,4.8699,-2.2405,80.71,79,0,6.38
199,Vestmannaeyjar,IS,2021-03-20 20:27:15,63.4427,-20.2734,43.11,76,100,21.27
200,Aykhal,RU,2021-03-20 20:27:15,66.0,111.5,-30.64,95,100,38.63
201,Zarand,IR,2021-03-20 20:27:15,30.8127,56.564,54.7,22,0,5.82
202,Khromtau,KZ,2021-03-20 20:27:15,50.2503,58.4347,21.18,93,99,13.24
203,The Valley,AI,2021-03-20 20:26:17,18.217,-63.0578,80.6,65,20,16.11
204,Arman,RU,2021-03-20 20:27:16,59.7,150.1667,-0.6,76,34,3.15
205,Kropotkin,RU,2021-03-20 20:27:16,45.4375,40.5756,36.0,84,100,7.54
206,Keuruu,FI,2021-03-20 20:27:17,62.2667,24.7,37.4,87,90,14.97
207,Klaksvik,FO,2021-03-20 20:27:17,62.2266,-6.589,41.0,75,75,10.36
208,Sola,VU,2021-03-20 20:27:18,-13.8833,167.55,80.71,77,100,14.88
209,Sambava,MG,2021-03-20 20:27:18,-14.2667,50.1667,77.9,85,100,10.58
210,Westport,US,2021-03-20 20:27:18,41.1415,-73.3579,55.99,35,1,12.66
211,Simbahan,PH,2021-03-20 20:27:19,6.3032,120.5836,82.67,76,87,4.85
212,Arraial Do Cabo,BR,2021-03-20 20:27:19,-22.9661,-42.0278,84.2,78,0,17.27
213,Veraval,IN,2021-03-20 20:27:19,20.9,70.3667,76.24,64,0,9.44
214,Hami,CN,2021-03-20 20:27:19,42.8,93.45,35.17,16,0,4.99
215,Soure,BR,2021-03-20 20:23:15,-0.7167,-48.5233,80.46,76,9,4.68
216,Lahij,YE,2021-03-20 20:27:20,13.1667,44.5833,72.34,48,0,3.49
217,Jalalabad,AF,2021-03-20 20:27:20,34.4265,70.4515,66.58,61,100,3.27
218,Gao,ML,2021-03-20 20:27:21,16.6362,1.637,87.55,12,17,7.7
219,Skibbereen,IE,2021-03-20 20:27:21,51.55,-9.2667,50.0,87,75,11.5
220,Pangnirtung,CA,2021-03-20 20:27:21,66.1451,-65.7125,-11.2,64,1,1.39
221,New Norfolk,AU,2021-03-20 20:27:21,-42.7826,147.0587,59.0,67,75,6.91
222,Arvi,IN,2021-03-20 20:25:11,20.9833,78.2333,79.9,40,6,3.09
223,Damaturu,NG,2021-03-20 20:27:22,11.747,11.9608,86.4,35,57,4.18
224,Cap Malheureux,MU,2021-03-20 20:27:22,-19.9842,57.6142,80.01,83,2,8.01
225,Sur,OM,2021-03-20 20:27:23,22.5667,59.5289,83.5,38,0,8.28
226,Brownsville,US,2021-03-20 20:27:23,25.9018,-97.4975,73.99,35,1,10.42
227,Avarua,CK,2021-03-20 20:27:23,-21.2078,-159.775,82.4,83,75,12.66
228,Monte Gordo,PT,2021-03-20 20:27:23,37.1819,-7.4523,57.2,33,0,9.22
229,Ust-Omchug,RU,2021-03-20 20:27:24,61.15,149.6333,-13.52,90,12,0.54
230,Bud,US,2021-03-20 20:27:25,39.447,-86.1758,59.0,36,0,6.02
231,Bambous Virieux,MU,2021-03-20 20:27:25,-20.3428,57.7575,80.01,89,75,13.8
232,New Iberia,US,2021-03-20 20:27:25,30.0035,-91.8187,59.0,55,90,5.75
233,Kondagaon,IN,2021-03-20 20:27:25,19.6,81.6667,68.94,53,0,1.66
234,Lancaster,US,2021-03-20 20:22:41,40.2504,-76.2499,57.0,26,1,5.75
235,Hofn,IS,2021-03-20 20:27:26,64.2539,-15.2082,42.28,60,100,8.3
236,Tazovskiy,RU,2021-03-20 20:27:26,67.4667,78.7,-18.0,86,100,14.7
237,Necochea,AR,2021-03-20 20:27:27,-38.5473,-58.7368,69.01,69,90,8.01
238,Nishihara,JP,2021-03-20 20:27:27,26.1842,127.7558,69.8,88,90,12.66
239,Pisco,PE,2021-03-20 20:27:27,-13.7,-76.2167,78.8,57,0,21.85
240,Olafsvik,IS,2021-03-20 20:27:27,64.8945,-23.7142,40.55,90,100,29.33
241,Karratha,AU,2021-03-20 20:27:28,-20.7377,116.8463,74.37,61,0,14.85
242,Kaspiysk,RU,2021-03-20 20:27:28,42.8816,47.6392,39.2,87,56,4.47
243,Narsaq,GL,2021-03-20 20:27:28,60.9167,-46.05,32.0,93,90,1.14
244,Kaduqli,SD,2021-03-20 20:27:29,11.0167,29.7167,88.11,14,0,9.64
245,Ilulissat,GL,2021-03-20 20:27:29,69.2167,-51.1,19.4,63,20,4.61
246,Lauchhammer,DE,2021-03-20 20:27:30,51.5,13.8,34.0,67,98,5.01
247,Shumskiy,RU,2021-03-20 20:27:30,54.8318,99.1328,22.01,79,98,4.85
248,Rexburg,US,2021-03-20 20:26:03,43.826,-111.7897,37.0,93,90,8.05
249,Cesenatico,IT,2021-03-20 20:27:30,44.1999,12.3991,46.0,81,40,13.8
250,Bosaso,SO,2021-03-20 20:27:31,11.2842,49.1816,75.69,65,0,3.15
251,Sungaipenuh,ID,2021-03-20 20:27:31,-2.0833,101.3833,64.74,92,100,2.57
252,Sabha,LY,2021-03-20 20:27:31,27.0377,14.4283,71.44,18,0,3.2
253,Vardo,NO,2021-03-20 20:27:32,70.3705,31.1107,30.81,74,64,16.24
254,Gejiu,CN,2021-03-20 20:27:32,23.306,103.1635,55.98,93,95,4.07
255,Sao Joao Da Barra,BR,2021-03-20 20:27:32,-21.6403,-41.0511,84.2,65,0,16.11
256,Maragogi,BR,2021-03-20 20:27:33,-9.0122,-35.2225,79.93,76,0,10.85
257,Chengde,CN,2021-03-20 20:27:33,40.9725,117.9361,30.61,35,0,12.06
258,Quatre Cocos,MU,2021-03-20 20:27:34,-20.2078,57.7625,80.01,89,75,13.8
259,Katsuura,JP,2021-03-20 20:27:34,35.1333,140.3,63.0,84,100,3.0
260,Bubaque,GW,2021-03-20 20:27:34,11.2833,-15.8333,77.32,72,24,18.97
261,Gorontalo,ID,2021-03-20 20:27:35,0.5412,123.0595,74.39,92,69,3.11
262,Semirom,IR,2021-03-20 20:27:35,31.4167,51.5667,41.59,37,87,3.96
263,Pokhara,NP,2021-03-20 20:27:35,28.2333,83.9833,65.75,25,0,6.85
264,Pitimbu,BR,2021-03-20 20:27:36,-7.4706,-34.8086,82.4,74,20,13.8
265,Luba,GQ,2021-03-20 20:27:36,3.4568,8.5547,77.0,94,40,5.75
266,Mabama,TZ,2021-03-20 20:27:36,-5.1333,32.5333,69.8,73,40,4.23
267,Svetlogorsk,BY,2021-03-20 20:27:37,52.6333,29.7333,27.55,87,60,6.62
268,Emerald,AU,2021-03-20 20:27:37,-23.5333,148.1667,75.2,83,90,9.22
269,Stromness,GB,2021-03-20 20:27:38,58.965,-3.296,44.6,76,40,13.8
270,Semey,KZ,2021-03-20 20:27:38,50.4111,80.2275,32.0,74,40,24.61
271,Arlit,NE,2021-03-20 20:27:38,18.7369,7.3853,84.54,7,2,8.39
272,Vila Franca Do Campo,PT,2021-03-20 20:27:39,37.7167,-25.4333,59.0,72,75,9.22
273,Mangrol,IN,2021-03-20 20:27:39,21.1167,70.1167,75.97,66,0,10.04
274,Saldanha,ZA,2021-03-20 20:27:39,-33.0117,17.9442,62.6,67,0,13.8
275,Coahuayana,MX,2021-03-20 20:27:40,18.7333,-103.6833,87.8,35,40,7.4
276,San Patricio,US,2021-03-20 20:27:40,28.017,-97.5169,69.01,49,20,4.61
277,Lazaro Cardenas,MX,2021-03-20 20:27:41,17.9583,-102.2,85.12,52,0,10.85
278,Laramie,US,2021-03-20 20:27:18,41.3114,-105.5911,57.2,19,1,19.57
279,Raudeberg,NO,2021-03-20 20:27:41,61.9875,5.1352,37.0,90,99,20.54
280,Chapada Dos Guimaraes,BR,2021-03-20 20:27:42,-15.4606,-55.7497,87.8,58,40,5.75
281,Ciudad Bolivar,VE,2021-03-20 20:27:42,8.1222,-63.5497,91.94,36,97,11.63
282,Sankrail,IN,2021-03-20 20:27:42,22.55,88.2,80.6,74,40,5.5
283,Kutum,SD,2021-03-20 20:27:43,14.2,24.6667,75.81,14,6,14.5
284,Mikulov,CZ,2021-03-20 20:27:43,48.8056,16.6378,28.99,75,40,1.01
285,Isangel,VU,2021-03-20 20:27:43,-19.55,169.2667,77.0,83,75,8.84
286,Qaqortoq,GL,2021-03-20 20:27:43,60.7167,-46.0333,32.0,93,90,1.14
287,Ostrovnoy,RU,2021-03-20 20:27:44,68.0531,39.5131,17.38,91,50,15.59
288,Sinnamary,GF,2021-03-20 20:27:44,5.3833,-52.95,79.75,79,38,10.16
289,Kaitangata,NZ,2021-03-20 20:27:45,-46.2817,169.8464,57.99,77,77,3.0
290,Kiruna,SE,2021-03-20 20:27:45,67.8557,20.2251,30.2,100,90,11.5
291,Olden,NO,2021-03-20 20:27:45,61.8364,6.8064,37.0,85,97,4.0
292,Ketchikan,US,2021-03-20 20:24:57,55.3422,-131.6461,37.4,81,90,12.66
293,Nevsehir,TR,2021-03-20 20:24:34,38.9167,34.6667,42.8,70,75,6.91
294,Cabedelo,BR,2021-03-20 20:27:46,-6.9811,-34.8339,82.4,74,20,13.8
295,Milkovo,RU,2021-03-20 20:27:46,54.7167,158.6167,6.98,82,56,1.61
296,Rayong,TH,2021-03-20 20:27:46,12.8333,101.4333,87.01,83,2,5.35
297,Lavrentiya,RU,2021-03-20 20:27:47,65.5833,-171.0,-1.98,84,100,14.07
298,Aginskoye,RU,2021-03-20 20:27:47,51.1,114.53,16.2,84,92,10.6
299,Roald,NO,2021-03-20 20:27:47,62.5833,6.1333,37.99,75,75,12.66
300,Vigrestad,NO,2021-03-20 20:27:48,58.5667,5.7,43.0,95,100,8.01
301,Kamina,CD,2021-03-20 20:27:48,-8.7386,24.9906,66.07,92,95,2.24
302,Morgan City,US,2021-03-20 20:27:49,29.6994,-91.2068,63.0,63,90,9.22
303,Maxixe,MZ,2021-03-20 20:26:36,-23.8597,35.3472,78.8,83,20,2.66
304,Port Hardy,CA,2021-03-20 20:27:49,50.6996,-127.4199,41.0,87,90,5.75
305,Port Lincoln,AU,2021-03-20 20:27:49,-34.7333,135.8667,68.34,77,0,8.39
306,Vartej,IN,2021-03-20 20:27:49,21.7333,72.0667,76.28,57,0,8.48
307,Leshukonskoye,RU,2021-03-20 20:27:50,64.8989,45.7622,12.97,94,99,6.64
308,Chipinge,ZW,2021-03-20 20:27:50,-20.1883,32.6236,63.43,77,0,5.37
309,Cherrapunji,IN,2021-03-20 20:23:43,25.3,91.7,59.7,36,36,3.96
310,Avera,US,2021-03-20 20:27:51,33.194,-82.5271,57.2,35,1,14.97
311,San Cristobal,VE,2021-03-20 20:27:51,7.7669,-72.225,82.4,61,40,10.36
312,Sept-Iles,CA,2021-03-20 20:27:51,50.2001,-66.3821,32.0,59,20,6.91
313,Karlivka,UA,2021-03-20 20:27:52,49.4567,35.1295,32.11,90,46,6.49
314,Sagua La Grande,CU,2021-03-20 20:27:52,22.8067,-80.0756,77.0,69,75,10.36
315,Hamilton,US,2021-03-20 20:24:51,39.1834,-84.5333,61.0,20,1,6.91
316,Kurumkan,RU,2021-03-20 20:27:52,54.3,110.3,17.13,93,83,3.15
317,Iralaya,HN,2021-03-20 20:27:53,15.0,-83.2333,86.0,70,40,5.75
318,Klichka,RU,2021-03-20 20:27:53,50.4457,117.996,8.49,84,0,4.0
319,Kiunga,PG,2021-03-20 20:27:53,-6.1219,141.2906,73.13,99,100,2.77
320,Isla Mujeres,MX,2021-03-20 20:27:54,21.2311,-86.731,78.8,61,75,10.36
321,Torbay,CA,2021-03-20 20:27:54,47.6666,-52.7314,26.01,68,75,18.41
322,Nerchinskiy Zavod,RU,2021-03-20 20:27:54,51.3088,119.61,3.52,87,20,3.04
323,Twentynine Palms,US,2021-03-20 20:27:55,34.1356,-116.0542,71.01,35,75,4.61
324,Tongzi,CN,2021-03-20 20:27:55,28.7829,105.0877,49.71,80,100,10.07
325,Yaransk,RU,2021-03-20 20:27:55,57.3033,47.8861,14.81,96,100,7.29
326,Opuwo,NA,2021-03-20 20:27:56,-18.0607,13.84,73.35,69,89,4.36
327,Emba,KZ,2021-03-20 20:27:56,48.8264,58.1442,24.53,96,100,9.8
328,Codajas,BR,2021-03-20 20:27:56,-3.8367,-62.0569,77.38,95,99,3.71
329,Zhob,PK,2021-03-20 20:27:57,31.3411,69.4481,62.11,49,84,2.8
330,Quesnel,CA,2021-03-20 20:27:57,52.9999,-122.5029,39.2,45,75,11.5
331,Leningradskiy,RU,2021-03-20 20:27:57,69.3833,178.4167,-12.62,86,100,0.65
332,Khani,GE,2021-03-20 20:27:58,41.9563,42.9566,44.6,93,90,1.14
333,Nchelenge,ZM,2021-03-20 20:27:58,-9.3451,28.734,72.7,79,57,4.09
334,Georgetown,MY,2021-03-20 20:26:06,5.4112,100.3354,82.99,83,20,3.44
335,Manchester,GB,2021-03-20 20:27:59,53.4809,-2.2374,46.99,81,90,16.11
336,Stokmarknes,NO,2021-03-20 20:27:59,68.5646,14.9108,34.0,75,99,13.0
337,Asyut,EG,2021-03-20 20:27:59,27.181,31.1837,84.2,23,0,10.36
338,Leon,MX,2021-03-20 20:24:57,21.1167,-101.6667,80.01,21,40,5.41
339,Ulaangom,MN,2021-03-20 20:28:00,49.9811,92.0667,2.61,90,95,3.02
340,Faya,SA,2021-03-20 20:28:00,18.3851,42.4509,64.4,59,0,4.61
341,Namibe,AO,2021-03-20 20:28:01,-15.1961,12.1522,73.71,74,35,5.21
342,Voh,NC,2021-03-20 20:28:01,-20.9667,164.7,73.13,86,56,4.41
343,Bon Accord,CA,2021-03-20 20:28:01,53.8335,-113.4187,51.01,34,20,6.91
344,Visakhapatnam,IN,2021-03-20 20:28:02,17.69,83.2093,78.8,83,40,2.3
345,Beloha,MG,2021-03-20 20:28:02,-25.1667,45.05,75.49,77,5,8.9
346,Oruro,BO,2021-03-20 20:23:16,-17.9833,-67.15,57.18,40,92,5.97
347,Bilma,NE,2021-03-20 20:28:03,18.6853,12.9164,88.09,14,7,5.06
348,Coihaique,CL,2021-03-20 20:24:11,-45.5752,-72.0662,62.6,48,40,9.22
349,Ambulu,ID,2021-03-20 20:28:03,-8.345,113.6058,75.58,88,25,2.66
350,Sabzevar,IR,2021-03-20 20:28:03,36.2126,57.6819,52.29,38,2,5.77
351,Berlevag,NO,2021-03-20 20:28:04,70.8578,29.0864,31.1,81,97,16.62
352,Sitka,US,2021-03-20 20:28:04,57.0531,-135.33,35.6,64,90,10.36
353,Bastrop,US,2021-03-20 20:28:04,32.7562,-91.8724,61.0,48,90,4.61
354,Rio Grande,BR,2021-03-20 20:28:05,-32.035,-52.0986,82.4,65,0,23.02
355,Nome,US,2021-03-20 20:28:05,64.5011,-165.4064,10.4,61,1,21.85
356,Churapcha,RU,2021-03-20 20:28:06,62.0025,132.4325,12.83,93,100,7.87
357,Storsteinnes,NO,2021-03-20 20:28:06,69.2408,19.2344,30.2,80,75,8.05
358,Vilyuysk,RU,2021-03-20 20:28:06,63.7553,121.6247,10.09,88,100,16.42
359,Lhokseumawe,ID,2021-03-20 20:27:12,5.1801,97.1507,78.53,81,95,2.66
360,Acari,PE,2021-03-20 20:28:07,-15.4311,-74.6158,81.52,56,25,11.65
361,Tezu,IN,2021-03-20 20:28:07,27.9167,96.1667,76.53,35,83,4.29
362,Portoferraio,IT,2021-03-20 20:28:07,42.8115,10.3146,46.0,60,0,17.27
363,Alice Springs,AU,2021-03-20 20:28:07,-23.7,133.8833,66.2,82,90,10.36
364,Navalgund,IN,2021-03-20 20:28:08,15.5667,75.3667,74.61,53,9,2.91
365,Jieshi,CN,2021-03-20 20:28:08,22.8134,115.8257,73.99,79,7,1.01
366,Mareeba,AU,2021-03-20 20:28:08,-17.0,145.4333,69.8,94,69,1.72
367,Port Elizabeth,ZA,2021-03-20 20:28:09,-33.918,25.5701,66.2,94,40,17.27
368,Nantucket,US,2021-03-20 20:25:19,41.2835,-70.0995,42.8,56,1,13.8
369,Ust-Kulom,RU,2021-03-20 20:28:09,61.6864,53.6902,15.08,96,82,5.88
370,Darlowo,PL,2021-03-20 20:28:10,54.421,16.4107,35.01,62,100,24.0
371,Cuenca,EC,2021-03-20 20:28:10,-2.8833,-78.9833,68.0,52,75,12.66
372,Carauari,BR,2021-03-20 20:24:05,-4.8828,-66.8958,75.61,90,100,3.62
373,Khatanga,RU,2021-03-20 20:28:10,71.9667,102.5,-37.39,97,17,10.04
374,Touros,BR,2021-03-20 20:28:11,-5.1989,-35.4608,82.4,65,20,13.8
375,Marawi,PH,2021-03-20 20:28:11,7.9986,124.2928,75.0,92,0,4.0
376,Alta Floresta,BR,2021-03-20 20:28:11,-9.8756,-56.0861,82.4,69,40,1.14
377,Kununurra,AU,2021-03-20 20:28:11,-15.7667,128.7333,75.2,100,89,6.33
378,Lasa,IT,2021-03-20 20:28:12,46.6166,10.7002,41.0,50,0,9.22
379,Hayden,US,2021-03-20 20:28:12,47.766,-116.7866,48.2,49,40,12.66
380,Vung Tau,VN,2021-03-20 20:28:12,10.346,107.0843,78.53,85,94,13.11
381,Atbasar,KZ,2021-03-20 20:28:13,51.8,68.3333,28.15,91,98,19.86
382,Yantal,RU,2021-03-20 20:28:13,56.8471,105.2542,24.39,94,100,7.99
383,Eureka,US,2021-03-20 20:23:58,40.8021,-124.1637,55.0,73,94,4.0
384,Taga,RO,2021-03-20 20:28:14,46.95,24.05,30.2,80,20,2.01
385,Dinard,FR,2021-03-20 20:28:14,48.6314,-2.0614,44.6,81,0,10.36
386,Diego De Almagro,CL,2021-03-20 20:28:14,-26.3667,-70.05,77.79,25,0,15.19
387,Massakory,TD,2021-03-20 20:28:15,12.996,15.7293,91.63,29,0,13.42
388,Huambo,AO,2021-03-20 20:28:15,-12.7761,15.7392,62.49,90,100,4.41
389,Tabuk,PH,2021-03-20 20:28:16,17.4189,121.4443,72.63,92,84,2.37
390,Slave Lake,CA,2021-03-20 20:24:16,55.2834,-114.769,48.2,31,75,8.05
391,Alihe,CN,2021-03-20 20:28:16,50.5667,123.7167,16.66,96,80,2.33
392,Pasinler,TR,2021-03-20 20:28:17,39.9803,41.6764,32.0,100,75,4.61
393,West Wendover,US,2021-03-20 20:28:17,40.7391,-114.0733,42.8,70,90,16.17
394,Bonavista,CA,2021-03-20 20:28:17,48.6499,-53.1147,26.01,74,100,6.91
395,Jumla,NP,2021-03-20 20:28:17,29.2747,82.1838,41.25,72,7,3.22
396,Tonantins,BR,2021-03-20 20:28:18,-2.8731,-67.8022,80.98,74,100,5.32
397,Dubna,RU,2021-03-20 20:27:10,56.7333,37.1667,18.43,87,65,5.01
398,Nemuro,JP,2021-03-20 20:28:18,43.3236,145.575,30.47,85,100,15.86
399,Turka,UA,2021-03-20 20:28:18,49.1541,23.0297,24.01,75,0,0.18
400,Odweyne,SO,2021-03-20 20:28:19,9.4092,45.064,70.39,27,0,8.21
401,Pokaran,IN,2021-03-20 20:28:19,26.9167,71.9167,78.51,19,0,6.17
402,Chapais,CA,2021-03-20 20:25:20,49.7834,-74.8492,48.2,34,1,16.11
403,Mattawa,US,2021-03-20 20:27:13,46.7379,-119.9028,46.0,44,85,5.99
404,Qingdao,CN,2021-03-20 20:23:25,36.0986,120.3719,44.6,39,0,11.18
405,Winfield,US,2021-03-20 20:24:47,37.2398,-96.9956,64.4,22,1,17.27
406,Senanga,ZM,2021-03-20 20:28:20,-16.1167,23.2667,70.32,76,36,3.0
407,Tahoua,NE,2021-03-20 20:28:20,14.8888,5.2692,91.4,13,37,8.25
408,Kralendijk,BQ,2021-03-20 20:28:20,12.15,-68.2667,84.2,65,40,13.8
409,Shaunavon,CA,2021-03-20 20:28:21,49.6501,-108.4181,44.6,42,100,11.5
410,Prieska,ZA,2021-03-20 20:28:21,-29.6641,22.7474,70.18,65,34,4.5
411,Zorritos,PE,2021-03-20 20:28:21,-3.6805,-80.6782,84.2,74,40,9.22
412,Quiroga,MX,2021-03-20 20:28:22,19.6667,-101.5333,82.4,21,40,6.91
413,Malanville,BJ,2021-03-20 20:28:22,11.8685,3.3899,89.92,16,22,5.35
414,Rabo De Peixe,PT,2021-03-20 20:28:22,37.8,-25.5833,59.0,72,75,9.22
415,Port Hedland,AU,2021-03-20 20:28:23,-20.3167,118.5667,69.8,78,3,6.91
416,Dunedin,NZ,2021-03-20 20:28:23,-45.8742,170.5036,57.0,74,34,7.0
417,Kilrush,IE,2021-03-20 20:28:23,52.6397,-9.4833,48.2,93,75,6.91
418,Tonj,SS,2021-03-20 20:28:23,7.2737,28.6822,87.13,39,28,4.65
419,Pacific Grove,US,2021-03-20 20:26:04,36.6177,-121.9166,57.2,58,1,11.5
420,Usinsk,RU,2021-03-20 20:28:24,65.9939,57.5281,7.09,96,79,2.89
421,Harrisonville,US,2021-03-20 20:28:25,38.6533,-94.3488,60.01,33,1,8.05
422,Minab,IR,2021-03-20 20:28:25,27.1467,57.0801,71.6,78,0,6.91
423,Zanzibar,TZ,2021-03-20 20:28:25,-6.1639,39.1979,80.6,83,20,6.91
424,Westerland,DE,2021-03-20 20:28:25,54.9079,8.3033,41.0,94,100,13.0
425,Icatu,BR,2021-03-20 20:28:26,-2.7758,-44.0658,84.2,70,75,9.22
426,Beringovskiy,RU,2021-03-20 20:28:26,63.05,179.3167,-3.73,89,100,13.69
427,Changji,CN,2021-03-20 20:28:27,44.0167,87.3167,26.6,80,0,4.47
428,Bekhtery,UA,2021-03-20 20:28:27,46.251,32.2927,32.0,86,0,8.95
429,Gisborne,NZ,2021-03-20 20:28:27,-38.6533,178.0042,57.99,92,99,8.01
430,Iqaluit,CA,2021-03-20 20:24:23,63.7506,-68.5145,-4.0,71,40,13.8
431,Santiago,CL,2021-03-20 20:28:28,-33.4569,-70.6483,81.0,27,0,5.75
432,Santiago Del Estero,AR,2021-03-20 20:26:29,-27.7951,-64.2615,70.56,79,87,10.87
433,Richards Bay,ZA,2021-03-20 20:28:23,-28.783,32.0377,72.81,89,58,1.92
434,Embu,BR,2021-03-20 20:28:29,-23.6489,-46.8522,77.0,73,20,14.97
435,Erzin,TR,2021-03-20 20:28:29,36.9559,36.2,57.99,69,0,5.99
436,Camopi,GF,2021-03-20 20:28:29,3.1655,-52.3158,79.48,92,58,3.67
437,Itanhaem,BR,2021-03-20 20:28:29,-24.1831,-46.7889,84.99,78,20,6.91
438,Grimshaw,CA,2021-03-20 20:28:30,56.1834,-117.6027,32.0,69,75,17.27
439,Mitu,CO,2021-03-20 20:28:30,1.1983,-70.1733,82.17,78,95,3.74
440,Tual,ID,2021-03-20 20:28:31,-5.6667,132.75,83.66,67,100,4.36
441,Port Hueneme,US,2021-03-20 20:26:18,34.1478,-119.1951,69.8,45,20,17.27
442,Kismayo,SO,2021-03-20 20:28:31,-0.3582,42.5454,79.79,79,19,13.22
443,Oriximina,BR,2021-03-20 20:28:31,-1.7656,-55.8661,83.71,78,63,3.53
444,Kawambwa,ZM,2021-03-20 20:28:32,-9.7915,29.0791,64.58,91,71,3.42
445,Norsup,VU,2021-03-20 20:28:32,-16.0667,167.3833,77.32,85,100,1.61
446,Uige,AO,2021-03-20 20:28:33,-7.6087,15.0613,68.49,96,86,0.98
447,Kenai,US,2021-03-20 20:28:33,60.5544,-151.2583,17.6,67,75,21.85
448,Chumikan,RU,2021-03-20 20:28:33,54.7183,135.315,11.57,90,51,5.26
449,Lagoa,PT,2021-03-20 20:28:34,39.05,-27.9833,58.15,80,99,12.15
450,Alofi,NU,2021-03-20 20:28:34,-19.0595,-169.9187,82.4,83,40,5.75
451,Nalut,LY,2021-03-20 20:28:35,30.3333,10.85,73.69,14,81,13.6
452,Kavieng,PG,2021-03-20 20:28:35,-2.5744,150.7967,82.99,75,57,9.48
453,Jalu,LY,2021-03-20 20:28:35,29.0331,21.5482,79.65,14,99,9.66
454,Narok,KE,2021-03-20 20:24:10,-1.0783,35.8601,62.98,80,78,8.23
455,Labuhan,ID,2021-03-20 20:28:36,-6.8844,112.2051,78.4,86,97,9.91
456,Srednekolymsk,RU,2021-03-20 20:28:36,67.45,153.6833,-15.2,89,0,1.5
457,Port Macquarie,AU,2021-03-20 20:28:36,-31.4333,152.9167,71.6,94,90,17.27
458,Road Town,VG,2021-03-20 20:27:49,18.4167,-64.6167,80.6,65,40,16.11
459,Barra Patuca,HN,2021-03-20 20:28:37,15.8,-84.2833,82.24,61,9,7.11
460,College,US,2021-03-20 20:28:37,64.8569,-147.8028,12.99,51,1,4.61
461,Camacha,PT,2021-03-20 20:28:37,33.0833,-16.3333,60.8,67,75,13.8
462,Juneau,US,2021-03-20 20:28:38,58.3019,-134.4197,32.0,86,90,7.43
463,Never,FR,2021-03-20 20:28:38,46.9896,3.159,36.0,71,0,6.53
464,Doha,QA,2021-03-20 20:26:18,25.2867,51.5333,71.6,46,0,11.5
465,Katherine,AU,2021-03-20 20:28:39,-14.4667,132.2667,77.0,94,40,3.44
466,Vryburg,ZA,2021-03-20 20:28:39,-26.9566,24.7284,63.39,74,98,6.51
467,Manadhoo,MV,2021-03-20 20:28:39,5.7667,73.3833,82.83,73,0,8.34
468,Sol-Iletsk,RU,2021-03-20 20:28:39,51.1631,54.9918,21.36,96,100,7.14
469,Belmonte,BR,2021-03-20 20:28:40,-15.8631,-38.8828,86.0,70,40,9.22
470,Petatlan,MX,2021-03-20 20:28:40,17.5167,-101.2667,87.8,62,1,9.22
471,Tura,IN,2021-03-20 20:28:40,25.5198,90.2201,72.07,33,0,2.51
472,Denpasar,ID,2021-03-20 20:28:41,-8.65,115.2167,80.6,83,75,10.36
473,Kangaba,ML,2021-03-20 20:28:41,11.9333,-8.4167,88.02,39,99,3.24
474,Jiangyou,CN,2021-03-20 20:28:41,31.7667,104.7167,50.45,79,100,2.55
475,Yulara,AU,2021-03-20 20:28:42,-25.2406,130.9889,64.4,100,90,6.91
476,Polunochnoye,RU,2021-03-20 20:28:42,60.8697,60.4153,1.26,94,99,6.35
477,Bandar-E Lengeh,IR,2021-03-20 20:28:42,26.5579,54.8807,73.53,54,0,17.69
478,Namatanai,PG,2021-03-20 20:28:42,-3.6667,152.4333,80.06,75,63,5.44
479,Novoalekseyevskaya,RU,2021-03-20 20:28:43,44.8189,40.9339,33.87,95,61,5.64
480,Iwaki,JP,2021-03-20 20:24:27,37.05,140.8833,59.0,83,100,14.94
481,Peleduy,RU,2021-03-20 20:28:43,59.6289,112.7406,4.95,91,100,7.52
482,Posyet,RU,2021-03-20 20:28:44,42.6508,130.8046,33.4,98,100,9.22
483,Cooma,AU,2021-03-20 20:28:44,-36.2333,149.1333,55.4,100,90,10.36
484,Mana,GF,2021-03-20 20:28:44,5.6592,-53.7767,79.41,81,47,9.48
485,Belyy Yar,RU,2021-03-20 20:28:44,53.6039,91.3903,10.4,92,97,2.24
486,Tevaitoa,PF,2021-03-20 20:28:45,-16.7833,-151.5,83.03,62,0,4.63
487,Samarai,PG,2021-03-20 20:28:45,-10.6167,150.6667,82.78,77,100,7.25
488,Lokosovo,RU,2021-03-20 20:28:46,61.1333,74.8167,21.94,96,99,6.6
489,Lebedinyy,RU,2021-03-20 20:28:46,58.5167,125.5167,5.76,90,72,12.68
490,Baykit,RU,2021-03-20 20:28:46,61.67,96.37,-7.91,87,100,7.02
491,Marquard,ZA,2021-03-20 20:28:47,-28.6645,27.4305,58.42,80,77,7.78
492,Glens Falls,US,2021-03-20 20:28:47,43.3095,-73.644,54.0,30,1,8.05
493,Mezen,RU,2021-03-20 20:28:47,65.8522,44.24,15.35,92,94,9.62
494,Altamira,BR,2021-03-20 20:25:08,-3.2033,-52.2064,87.8,62,20,2.3
495,Makakilo City,US,2021-03-20 20:26:15,21.3469,-158.0858,78.8,53,1,14.97
496,Dukat,RU,2021-03-20 20:28:48,62.55,155.55,-13.88,52,0,1.52
497,San Quintin,MX,2021-03-20 20:28:48,30.4833,-115.95,65.37,68,0,23.2
498,Lengyeltoti,HU,2021-03-20 20:28:49,46.6701,17.644,33.01,47,0,11.5
499,Mus,TR,2021-03-20 20:24:34,39.0,41.75,30.81,90,66,1.99
500,Lakatoro,VU,2021-03-20 20:28:49,-16.0999,167.4164,77.29,84,100,1.7
501,San Luis,AR,2021-03-20 20:27:13,-33.295,-66.3356,72.28,39,21,13.58
502,Sumbe,AO,2021-03-20 20:28:50,-11.2061,13.8437,80.02,82,64,6.46
503,Codrington,AU,2021-03-20 20:28:50,-38.2667,141.9667,59.14,89,100,6.62
504,Troitsko-Pechorsk,RU,2021-03-20 20:28:51,62.7084,56.1964,13.53,96,100,1.43
505,Awjilah,LY,2021-03-20 20:28:51,29.1081,21.2869,78.24,15,89,9.08
506,Killam,CA,2021-03-20 20:28:51,52.7834,-111.8518,55.4,19,26,11.5
507,Bezhetsk,RU,2021-03-20 20:28:52,57.7851,36.6965,15.82,82,90,8.03
508,Puerto Escondido,MX,2021-03-20 20:28:52,15.85,-97.0667,84.2,74,1,11.5
509,Cabanas,CU,2021-03-20 20:28:52,22.9758,-82.9219,75.2,60,75,11.5
510,Muisne,EC,2021-03-20 20:28:53,0.6,-80.0333,87.8,74,40,5.75
511,Staraya Russa,RU,2021-03-20 20:28:53,57.9944,31.3608,25.05,70,100,10.65
512,Wawa,NG,2021-03-20 20:24:24,9.9022,4.4192,89.15,37,39,4.38
513,Dalvik,IS,2021-03-20 20:28:53,65.9702,-18.5286,39.2,70,90,21.85
514,Kibara,TZ,2021-03-20 20:26:03,-2.15,33.45,71.6,83,20,3.51
515,Rafaela,AR,2021-03-20 20:28:54,-31.2503,-61.4867,71.01,68,100,3.0
516,Green River,US,2021-03-20 20:28:54,41.5286,-109.4662,48.2,46,20,24.16
517,Anadyr,RU,2021-03-20 20:28:55,64.75,177.4833,-7.01,71,0,8.95
518,Majene,ID,2021-03-20 20:28:55,-3.5403,118.9707,78.82,80,94,6.02
519,Batagay-Alyta,RU,2021-03-20 20:28:55,67.8006,130.4114,-7.46,96,100,0.22
520,Kampene,CD,2021-03-20 20:28:56,-3.6,26.6667,70.59,93,100,1.7
521,Tiarei,PF,2021-03-20 20:28:56,-17.5333,-149.3333,87.8,66,75,13.8
522,Pinos Puente,ES,2021-03-20 20:28:56,37.2511,-3.7497,46.4,49,20,6.91
523,Kashi,CN,2021-03-20 20:28:57,39.4547,75.9797,46.4,34,40,4.47
524,Inuvik,CA,2021-03-20 20:28:57,68.3499,-133.7218,-9.4,70,79,1.14
525,Gawler,AU,2021-03-20 20:25:15,-34.6,138.7333,72.0,53,0,8.99
526,Kahului,US,2021-03-20 20:28:57,20.8947,-156.47,73.4,94,40,21.85
527,Krutinka,RU,2021-03-20 20:28:58,56.0055,71.5113,29.46,95,100,15.03
528,Dwarka,IN,2021-03-20 20:28:58,22.2394,68.9678,76.8,80,0,14.72
529,Gander,CA,2021-03-20 20:27:25,48.9682,-54.5906,23.0,68,75,14.97
530,Bajil,YE,2021-03-20 20:28:59,15.0584,43.2851,82.47,60,2,4.5
531,Mnogovershinnyy,RU,2021-03-20 20:28:59,53.9353,139.9242,13.17,78,24,2.95
532,Ambilobe,MG,2021-03-20 20:28:59,-13.2,49.05,75.47,92,100,2.53
533,Auki,SB,2021-03-20 20:29:00,-8.7676,160.7034,77.65,89,90,5.7
534,Esso,RU,2021-03-20 20:29:00,55.9333,158.7,-3.59,91,0,5.21
535,Udachnyy,RU,2021-03-20 20:29:00,66.4167,112.4,-23.4,94,100,35.9
536,Pindwara,IN,2021-03-20 20:29:01,24.8,73.0667,72.64,29,5,2.42
537,Messina,IT,2021-03-20 20:24:44,38.1933,15.5497,55.4,82,40,4.61
538,Mafinga,TZ,2021-03-20 20:29:01,-7.25,35.0667,69.78,77,46,2.46
539,Humaita,BR,2021-03-20 20:29:01,-7.5061,-63.0208,73.47,98,100,3.76
540,Socorro,US,2021-03-20 20:29:02,31.6546,-106.3033,77.0,14,1,4.61
541,Vao,NC,2021-03-20 20:29:02,-22.6667,167.4833,75.63,76,0,18.59
542,Port Arthur,CN,2021-03-20 20:27:03,38.8,121.2667,37.4,48,20,8.95
543,San Jose,US,2021-03-20 20:27:40,37.3394,-121.895,60.01,47,40,14.97
544,San Policarpo,PH,2021-03-20 20:29:03,12.1791,125.5072,80.94,84,98,13.06
545,Ust-Kuyga,RU,2021-03-20 20:29:03,70.0167,135.6,-16.26,99,99,0.87
546,Lamar,US,2021-03-20 20:29:03,33.6668,-95.5836,64.0,39,1,8.05
